<?xml version="1.0" encoding="UTF-8"?>
<!DOCTYPE log4j:configuration PUBLIC "-//APACHE//DTD LOG4J 1.2//EN" "log4j.dtd">
<log4j:configuration xmlns:log4j="http://jakarta.apache.org/log4j/">

	<!-- Appenders -->
	<appender name="console" class="org.apache.log4j.ConsoleAppender">
		<param name="Target" value="System.out" />
		<layout class="org.apache.log4j.PatternLayout">
			<param name="ConversionPattern" value="[%d{yyyy-MM-dd HH:mm:ss}] %-5p: %l - %m%n" />
		</layout>
<!-- 		<layout class="org.apache.log4j.xml.XMLLayout"></layout> -->
	</appender>
	
		<!-- 
	파일에 로그찍기
	다른 Appender를 이용하면 됨 -> DailyRollingFileAppender 
	 -->
	<appender name="filelogger" class="org.apache.log4j.DailyRollingFileAppender">
			<param name="file" value="c://logs//spring//spring.log"/>
			<param name="Append" value="true"/>
			<param name="dataPattern" value=".yyyy-MM-dd"/>
				<layout class="org.apache.log4j.PatternLayout">
					<param name="ConversionPattern" value="[%d{yyyy-MM-dd HH:mm:ss}] %-5p: %l - %m%n" />
				</layout>
	</appender>
	
	  <!-- sql구문 로그 남기기 -->
   <appender name="sqlLogger" class="org.apache.log4j.ConsoleAppender">
      <layout class="org.apache.log4j.PatternLayout">
         <param name="ConversionPattern" value="%-5p:%m%n"/>
      </layout>
   </appender>
      
   <!-- Application Loggers -->
   <logger name="jdbc.sqlonly" additivity="false">
      <level value="info"/>
      <appender-ref ref="sqlLogger"/>
   </logger>
   <logger name="jdbc.resultsettable" additivity="false">
      <level value="info"/>
      <appender-ref ref="sqlLogger"/>      
   </logger>
	
	<!-- Application Loggers -->
	<logger name="com.kh.dduck">
		<level value="debug" />
	</logger>
	
	<!-- 3rdparty Loggers -->
	<logger name="org.springframework.core">
		<level value="info" />
	</logger>
	
	<logger name="org.springframework.beans">
		<level value="info" />
	</logger>
	
	<logger name="org.springframework.context">
		<level value="info" />
	</logger>

	<logger name="org.springframework.web">
		<level value="info" />
	</logger>

	<!-- Root Logger -->
	<root>
		<priority value="warn" />
		<appender-ref ref="console" />
	</root>
	
</log4j:configuration>
